date,CO,NO2,HCHO,O3,SO2,CH4
2025-08-25,0.03174462252193027,3.105698322707956e-05,0.00016288346109481959,0.11700246517474834,0.00034896166851887335,
2025-08-26,0.03496617376804352,6.519174203276635e-05,0.00015913685067341877,0.1155980843764085,-9.437290450128226e-06,
2025-08-27,0.028168102726340294,2.868632145691663e-05,0.00015033340813325985,0.1163132667541504,0.00011318646095417164,
2025-08-28,0.028284658085216175,,0.00011660059681162238,0.11614958689762996,,
2025-08-29,0.030444324016571045,5.194666464963267e-05,0.000161544174740189,0.11301739766047551,2.6573277092679884e-05,
2025-08-30,0.02799138033165122,3.970928113669791e-05,0.00015086361340114048,0.11479136393620418,0.00010797992797085533,
2025-08-31,0.02694385277258383,3.348346441411055e-05,0.000213627889752388,0.11641159057617187,0.0001642647414253308,
2025-09-01,0.028072803739517455,3.329807362866168e-05,8.905402916882719e-05,0.11528709118182842,0.00013706854290582916,
2025-09-02,0.024426059644730366,2.3667354489097726e-05,4.3786670589311555e-05,0.11363285504854642,2.87857041449139e-05,
2025-09-03,0.02673596516251564,2.910292424334615e-05,0.00014009674094499103,0.11321025995107797,-1.8724762291337053e-05,1871.53955078125
2025-09-04,0.028730932547121633,3.901929243133878e-05,0.00018227204967003602,0.11344603758591872,6.770033102769119e-05,1850.7861328125
2025-09-05,0.02889760515906594,3.710720435871432e-05,0.00021452370744485123,0.11365825946514423,6.376516360502976e-05,
2025-09-06,0.029950849080489853,2.707673573038644e-05,0.00017965194844716303,0.11286219083345854,0.000126427089845812,
2025-09-07,,,0.0003311558102723211,0.11415436818049504,-0.0003084290656261146,
2025-09-08,0.03238215297460556,5.3785178029248794e-05,0.00018522710255954576,0.11273833788358248,5.125663071674736e-05,
2025-09-09,0.03027503490447998,4.5575714466394857e-05,0.00016191264148801565,0.11410212149986854,-6.262025563046336e-05,
2025-09-10,0.025939470157027245,5.420749463761846e-05,0.00020964220921332772,0.11505214251004732,0.00011997649146776115,
2025-09-11,0.02880895882844925,3.3378456201818256e-05,0.00023875793611461465,0.11521778840285081,-0.0003391338110554452,
2025-09-12,0.03095221519470215,5.3427908253871786e-05,0.00020279662567190826,0.11455216774573693,8.060292748268694e-05,
2025-09-13,0.030718302726745604,4.461903634639281e-05,0.00016793033610733727,0.11524191636305589,2.1608856159372856e-05,1870.4608154296875
2025-09-14,0.03027421920025935,4.871943383477628e-05,0.00020200977551526036,0.11545024284949669,4.1288259786133674e-05,
2025-09-15,0.031136237657987155,4.039481772403968e-05,0.0001974868653125541,0.11515166942889873,5.4095126688480374e-05,
2025-09-16,0.0293229032646526,4.2814719823322124e-05,0.00013501693083103314,0.11472121752225435,-1.6594611597844425e-05,
2025-09-17,0.033583953976631165,3.969880829875668e-05,0.00019030549253026645,0.11508910839374249,0.00011108187027275562,
2025-09-18,0.030586789815853804,6.125472897950273e-05,0.00010657058807001227,0.11271569912250225,-8.270673928424143e-06,
2025-09-19,0.029145362831297376,2.2143756723380648e-05,9.60633042268455e-05,0.11136545768150917,-2.4693676095921546e-05,
2025-09-20,0.02602979014901554,2.209264465479874e-05,,,,1895.8206787109375
2025-09-21,0.027592825478520887,2.5229675884475e-05,0.00017730525948784568,0.11358641844529371,2.9293013821271332e-05,
2025-09-22,0.032656097412109376,5.768894570300708e-05,0.0002542736897753044,0.11374329787034254,0.00024240624836900017,
2025-09-23,0.03435784486623911,3.57000300517449e-05,0.00021660396685967078,0.11363390409029447,0.00013556996217140786,1869.934765625
2025-09-24,0.03626539789397141,4.1170400898840465e-05,0.0002814618727335563,0.11304731369018554,-2.863625377358403e-05,
2025-09-25,0.030443077820997973,5.9026125025876025e-05,0.0002077429444860604,0.11284910348745493,0.0001252046362920241,
2025-09-26,0.03217060191958558,7.075245556389463e-05,0.0002511122765449377,0.11341282037588266,2.639543401591223e-05,
2025-09-27,0.03577097012446477,3.820273771204732e-05,0.0002441129304076496,0.11620419575617863,0.00013561824620780298,
2025-09-28,0.029583199207599345,2.3226736688074913e-05,0.00011396615765988826,0.11636234430166391,2.1962949292773896e-05,1851.5936279296875
2025-09-29,0.032428936260502514,4.401082160735601e-05,0.00022459072282626514,0.11649764867929312,-1.2257029428272634e-05,
2025-09-30,,4.0336417441722006e-05,,,,
2025-10-01,0.028039549526415374,1.4547029208830173e-05,0.0002346761175431311,0.11467970334566556,-8.358476528277e-05,
2025-10-02,0.027635020869118825,4.294120276776644e-05,0.000168492802633689,0.11469374436598558,0.0002742151228281168,
2025-10-03,0.03284768691429725,3.088396732453947e-05,0.00016605102662312781,0.11615791320800781,1.1029726010747254e-05,
2025-10-04,0.037612011938384086,6.17095239220127e-05,0.000315430502478893,0.1147324928870568,0.00025742625857287264,
2025-10-05,0.03186346744668895,2.9130170854632973e-05,0.00016473003779537976,0.11570867391733022,7.904242859998097e-06,
2025-10-06,0.033839222101064825,5.101889617881685e-05,0.00017334966105408967,0.11842511250422551,4.635617369785905e-05,
2025-10-07,0.04372509002685547,5.313084245874332e-05,0.00025273125905257005,0.11976962456336389,0.00022559035569429396,
2025-10-08,0.03741125200615555,3.3365059343557205e-05,0.00016603024951258644,0.1181576288663424,-1.559878478101531e-05,
2025-10-09,0.04111742973327637,4.630584815709755e-05,0.0002236479213313451,0.1186163828923152,-5.08117400819347e-06,
2025-10-10,0.03561710157702046,4.009172272194049e-05,0.00020725875219795853,0.11678382433377779,3.1393796296285117e-06,1858.05810546875
2025-10-11,0.03386664390563965,4.100785449598775e-05,0.0002236250787973404,0.11383694135225736,-2.3234110798627612e-05,
2025-10-12,0.024105806350708008,2.9650988762040396e-05,0.0001709574949927628,0.11540809044471154,-0.00013826620257036254,
2025-10-13,,2.440151625445911e-05,6.333500329804207e-05,0.11756830215454102,-0.0004145650503536065,
2025-10-14,0.028316747225247896,3.84115963242948e-05,0.00019600294286110362,0.11836304297814003,6.051801998789112e-06,
2025-10-15,0.030594674604279653,4.151436573296201e-05,0.00022264667710319893,0.11807971367469201,-6.335088526647465e-05,
2025-10-16,0.02840409095470722,4.7766507360274375e-05,0.0001540102186750193,0.11910107685969426,5.53408035022371e-05,
2025-10-17,0.030283172313983624,4.0149452375634664e-05,0.00020456934491029153,0.11859623102041392,0.000100179618367782,
2025-10-18,,4.0177406524034106e-05,0.0002754461020231247,0.11792794741117037,0.00014727529711448228,
2025-10-19,0.03167962092979282,2.5374765329538508e-05,0.0001834889075585774,0.11585727838369517,-4.440197780569817e-05,
2025-10-20,0.03184967984755834,2.705954248085618e-05,0.00010687712347134948,0.1174272567995133,-0.00011470790923340246,
2025-10-21,0.026104411110281944,4.0408316029546164e-05,0.0001699763075025244,0.11735276442307692,9.97868937702151e-07,
2025-10-22,,,,0.11860215847308819,,
2025-10-23,0.03259606659412384,2.464337376295589e-05,0.0002970906094677987,0.11647124657264123,5.033551797009351e-05,
2025-10-24,,2.6579690165817736e-05,0.0003465943281417308,0.11597714790931114,8.119430150026861e-05,
2025-10-25,0.03648794690767924,,0.00040649498502413434,0.11651659745436449,,
2025-10-26,0.03401826960699899,3.612125335537173e-05,0.000337536189150303,0.11757554274338942,-2.443724695373984e-05,
2025-10-27,,,,0.11606337473942684,,
2025-10-28,0.023447544410310942,2.733798993920738e-05,0.00012311000569627202,0.1132999640244704,4.869467086808861e-05,
2025-10-29,,,,0.11647500991821289,,
2025-10-30,0.031871733211335684,3.783564898185432e-05,0.00017375644529238343,0.11687748248760517,7.002467576127786e-05,
2025-10-31,0.027934131714013908,1.8697829755882805e-05,0.00018165639734693935,0.11624871767484225,-8.820706612563558e-05,
2025-11-01,0.023471374064683914,4.8388028517365456e-05,0.00018024022380510967,0.11497273811927208,-6.747243997569267e-05,
2025-11-02,,,,0.11851601967444787,,
2025-11-03,,,0.0001880818578813757,0.11828214938823993,2.2532331058755517e-06,
2025-11-04,0.03034108877182007,2.3174027366370992e-05,0.00021329071574114464,0.11531087435208834,8.5710110425046e-05,
2025-11-05,0.02962337521945729,3.440816653892398e-05,0.00015516620728054216,0.1142559418311486,0.00012084415648132563,
2025-11-06,0.030540572479367256,,0.00035610562190413475,0.1144175676199106,4.540702987772723e-05,
2025-11-07,0.02850028968626453,2.044648863375187e-05,0.00012475016216437023,0.11392637399526742,0.00027503917226567864,
2025-11-08,,,0.0003192366233893803,0.11581189815814678,-0.00012745642054237818,
2025-11-09,,,,0.11629962921142578,,
2025-11-10,,2.8740233392454684e-05,0.00026222153877218565,0.11556868186363807,3.636835875416485e-06,
2025-11-11,0.030656446428859934,3.602901368492073e-05,0.0002534625192101185,0.11610012788038987,5.5759520519797396e-05,
2025-11-12,,,,0.11748216335590068,,
2025-11-13,0.027725908160209655,,0.0001173983993274825,0.11383105057936449,-1.2603145717692218e-06,
2025-11-14,,,,0.11499087260319636,,
2025-11-15,,,0.00020562192366924137,0.1162814580477201,0.0004716278053820133,
2025-11-16,,,0.00029043221729807556,0.1170029566838191,,
2025-11-17,,,,0.1165536880493164,,
2025-11-18,0.02958604320883751,3.749101435662144e-05,0.00022107372870263845,0.11385062291071965,1.443931832909584e-05,
2025-11-19,,,0.00036686255286137265,0.11624232072096605,-0.0001846830127760768,
2025-11-20,0.031346420447031655,2.1180370822548866e-05,0.00015297455146260884,0.11333138392521785,-4.748292469783969e-05,
2025-11-21,0.026732238133748372,2.6383998126468875e-05,0.0001618324313312769,0.11342284862811748,-4.106941957806432e-05,
2025-11-22,0.030027551783455744,4.1971507016569376e-05,0.0002899699482238955,0.1152424665597769,-9.230171175052722e-05,
2025-11-23,0.028644556348974056,3.232129383832216e-05,0.00027118471410611403,0.11319493513840895,2.9315745147566002e-05,
2025-11-24,,,0.00029045503470115364,0.11516203513512245,4.843594261298054e-06,
2025-11-25,0.02678252829880011,2.8697698486640173e-05,0.00012085504610748852,0.11257058657132663,-3.453009241424939e-05,
2025-11-26,0.027917668626115128,3.2297856200279464e-05,0.000141906100907363,0.11222444681020884,0.00013408131587008636,
2025-11-27,,,0.00042440307637055713,0.1150147217970628,-0.00010568687139311805,
2025-11-28,0.028678956031799315,2.6222677358115714e-05,0.00016913407439873978,0.11210156220656176,0.00014646756736671224,
2025-11-29,0.02678958452664889,1.1326215826557018e-05,0.00012300446705550564,0.11499698345477764,6.463980701352869e-05,
2025-11-30,,,,0.11565787975604717,,
2025-12-01,0.029427251508159023,2.9529452810741283e-05,0.0001323956659891539,0.115192750784067,3.919937363308337e-05,
2025-12-02,0.028123295307159422,2.7883218003893797e-05,0.00014799735176243952,0.11407968080960787,0.0002742111849199448,
2025-12-03,0.03595500191052755,3.141916046539942e-05,0.00018204205767496635,0.11585179108839769,-9.973273755839237e-05,
2025-12-04,,,,0.11490128590510441,,
2025-12-05,0.02629025446044074,2.454619448727522e-05,0.00013945213017555383,0.11497533504779522,-9.604099994668594e-05,
2025-12-06,,2.1214726775024945e-05,0.00016985480518390736,0.11490838711078351,-7.096821950240569e-05,
2025-12-07,0.029904871075241653,2.2614180731276672e-05,0.0001669678514680037,0.11378236917349008,2.81186190013792e-05,
2025-12-08,0.027753005425135296,2.703123997586469e-05,0.0001252548838103259,0.11486891233004057,0.0002036486209059755,
2025-12-09,,,0.00020996069069951774,0.11606446046095628,,
2025-12-10,0.027662372589111327,3.613985609263182e-05,0.00022079153702809262,0.11620936026939979,0.00012462531717923972,
2025-12-11,0.028527110230688955,1.9879231010289752e-05,7.766741924943068e-05,0.11443447699913611,4.4552734694801846e-05,
2025-12-12,0.030450889468193056,1.9669803441502155e-05,0.00012112394014888622,0.11345021174504206,7.233491576299435e-06,
2025-12-13,,2.788506147529309e-05,0.00021093418555600301,0.11385895655705379,1.7734419088810682e-05,
2025-12-14,0.0275117674389401,,0.00019772099039983004,0.11600941878098708,,
2025-12-15,0.026846755953396067,2.255316167993813e-05,0.00013384532372830277,0.11629262337317833,1.810206820003011e-05,
2025-12-16,,,0.00026984603027813137,0.11486822275015024,0.0006374131771735847,
2025-12-17,0.027756955073429988,1.782144993610148e-05,7.887992059003632e-05,0.11528838231013372,3.415450023917051e-05,
2025-12-18,0.027036316692829132,4.341433426210036e-05,0.0001884594385046512,0.11469241655789889,0.00011205882765352726,
2025-12-19,,,,0.11326764180110051,,
2025-12-20,,,,0.11465812096228967,,
2025-12-21,0.02263163165612654,2.8675836510956287e-05,0.00010454053135246646,0.11397414574256311,5.11097997609202e-06,
2025-12-22,0.029193096435987033,2.6183172594755887e-05,0.00011422274140070895,0.11562478725726788,1.8278048943956286e-05,
2025-12-23,0.029054091090247744,1.95168851253887e-05,0.00015580142848193646,0.11472702026367188,0.00019110646098852158,
2025-12-24,0.028961677761638865,2.876735404776088e-05,0.00014483136124908923,0.11499385833740235,0.00021334905177354812,
2025-12-25,0.0290193479994069,1.9966017790749425e-05,0.00015029530399120772,0.11513179632333609,5.935163666995672e-05,
2025-12-26,,2.4864469499637682e-05,0.0002255735854650366,0.11405209027803861,-1.402020722668132e-06,
2025-12-27,,,0.0001446980400942266,0.11348933439988357,-0.00022098887711763382,
2025-12-28,0.026491796597838402,2.2276113223698403e-05,0.00015728546616931757,0.11451513583843524,0.00014530056924150702,
2025-12-29,0.026685498158137002,2.730094129219651e-05,0.00017700008174870163,0.11340629137479342,0.0002876407797298124,
2025-12-30,,1.0834165550477337e-05,0.00022700866467730943,0.11405416635366586,0.0001151982561818191,
2025-12-31,,,0.00026661584464212257,0.11363957478449895,-0.00026659376453608274,
2026-01-01,,2.3058484657667577e-05,9.3542931911846e-05,0.11514476629403922,5.551778788988789e-05,
2026-01-02,,1.1508446025092982e-05,0.00011883309990581538,0.11019259966336764,0.00015736795547935698,
2026-01-03,0.026810258626937866,,,0.1123807980464055,,
2026-01-04,0.028781168162822723,2.3284820296491187e-05,0.00018506470309980844,0.11275912798368014,2.0388030426819686e-05,
2026-01-05,,,0.0001244160084752366,0.11231057827289288,,
2026-01-06,,,5.247196208478676e-05,0.11154378744272085,-4.694908275268972e-05,
2026-01-07,,,0.00019081342034041882,0.11364893546471229,2.036269870586693e-06,
2026-01-08,0.025181993416377477,2.3936007798103423e-05,0.00015431026426645426,0.11296760118924655,0.00021983626356814057,
2026-01-09,0.028866748015085857,3.724339018974986e-05,0.00021459725360537684,0.11334519753089319,8.500021483216968e-06,
2026-01-10,,,,0.11377253899207482,,
2026-01-11,,,,0.11353639455942008,,
2026-01-12,0.026381639497620717,,,0.11385282369760366,,
2026-01-13,0.030598509311676025,2.913261220480005e-05,9.287741373885761e-05,0.1137470318720891,1.7383378957781723e-05,
2026-01-14,0.024750428540366038,,0.00015884943422861397,0.11214025203998272,0.00010994612239301205,
2026-01-15,,,,0.11163459190955528,,
2026-01-16,,,7.034954614937305e-05,0.11189267085148738,,
2026-01-17,,,-0.0001966775938247641,0.11291446685791015,-0.0003388465556781739,
2026-01-18,,,,0.11316677973820613,,
2026-01-19,0.027392810299282984,1.835193307626815e-05,0.0001573979721537658,0.11404345585749699,-3.0854349935670262e-06,
2026-01-20,0.026856772277666176,,6.342541018966585e-05,0.11154862183790941,0.0001257456751773134,
2026-01-21,0.02604849049539277,,5.138241976965219e-05,0.11172763384305513,-7.002978236414492e-05,
2026-01-22,,,,0.1118466303898738,,
2026-01-23,0.030052538961172104,,,0.11243822391216572,,
2026-01-24,0.028936963189731945,1.476301986258477e-05,0.00011543056461960077,0.11362601060133715,4.044488538056612e-05,
2026-01-25,0.03199033958967342,2.1016999935021713e-05,7.598363328725099e-05,0.11269537118765025,4.3793438145747554e-05,
2026-01-26,0.027201468036288305,,0.00010618546634520356,0.11219812539907602,4.4566621495918795e-05,
2026-01-27,,,,0.11380287317129281,,
2026-01-28,,9.70904602581868e-06,6.960133656061121e-05,0.11502656936645508,0.00010278410211737667,
2026-01-29,0.033087060565040224,1.796033133619598e-05,0.0001075702289549204,0.11448929126446064,2.607681542738444e-05,
2026-01-30,0.03143414429255894,2.5631277821958065e-05,0.00012611461660036675,0.11543127747832752,0.00011197894883270447,
2026-01-31,0.030098262822852946,3.9008348143066875e-05,0.0001754660573270586,0.11433752500093901,2.0329527822988375e-05,
2026-02-01,0.030118669782366072,3.0205383761009823e-05,0.00011499345613022646,0.11484069090623122,-6.159416399896144e-05,
2026-02-02,0.03230407238006592,2.7233032596996054e-05,-6.972549454076216e-05,0.11310666891244742,0.00011595706746447831,
2026-02-03,0.029321380199924592,1.9993829829174848e-05,0.00010898420587182044,0.11375032571645884,5.1553555143376194e-05,
2026-02-04,0.02836008127345595,2.476841872257571e-05,0.00011191165540367365,0.11433603580181416,3.604281144881887e-05,
2026-02-05,0.029298048466444016,2.0271726599377063e-05,0.0001537960342830047,0.11389708885779748,5.480349136632867e-05,
2026-02-06,0.03360385270345779,1.5271661270942006e-05,0.0001555962318723852,0.1134364861708421,6.42442682874389e-05,
2026-02-07,,,,0.11407015873835637,,
2026-02-08,0.027197938412427902,3.6695218031209976e-05,0.00013267080299556256,0.11533993207491361,-0.00010986783308908343,
2026-02-09,,1.918049019877799e-05,9.280757512897253e-05,0.11372339542095478,4.852950951317325e-06,
2026-02-10,0.02721397392451763,,0.00021817139349877834,0.11369624504676232,1.780949080259436e-05,
2026-02-11,0.02670837640762329,,0.0001566312275826931,0.11255469689002404,9.765820868778974e-05,
2026-02-12,0.028885032449449812,,0.00016715346187677073,0.11233982673058143,8.024167202945267e-05,
2026-02-13,,,,0.11327169124896709,,
2026-02-14,0.03192916512489319,3.3931981306523085e-05,0.00016276308645804722,0.11166121409489559,2.7629087286952296e-05,
2026-02-15,0.030578917927212186,2.7861829342631e-05,0.00013852990897638456,0.11247581335214468,1.133522446438366e-05,
2026-02-16,0.03003307928641637,4.228311908346686e-05,0.0002151248943910264,0.11451552464411809,1.1403248539533127e-05,
2026-02-17,,,0.00022883252758118842,0.11519817939171424,3.449297704113027e-05,
2026-02-18,,,-2.299710104125552e-05,0.11371038877047025,-0.00036751560401171446,
2026-02-19,0.032639335840940475,,4.546480744870173e-05,0.11136512022752028,4.470113102191438e-06,
2026-02-20,0.02701544099383884,2.394879369863442e-05,8.288518126521791e-05,0.11051306357750526,5.59304840862751e-05,
2026-02-21,,,0.0003389607009012252,0.11336922278771033,4.975356569048017e-05,
2026-02-22,,,0.0002648510770606143,0.1130262668316181,0.00016698647232260555,
2026-02-23,,,8.205243105453158e-05,0.11218521411602314,-1.0568047790522023e-06,
2026-02-24,,,,0.11401268152090219,,
2026-02-25,0.024594653929982866,3.9250484405783936e-05,4.5501817525787786e-05,0.1123404649587778,0.0001242955137665073,
2026-02-26,,,0.00015918015560600907,0.11365746718186598,,
2026-02-27,0.02501496970653534,2.246159177351122e-05,0.00012078918516635894,0.11328256313617413,2.2787217480631974e-05,
2026-02-28,0.027122120703420332,2.315771152180704e-05,0.00014171373498226915,0.11320860936091497,0.00014706998132169247,
2026-03-01,0.025829726830124855,3.464653855189681e-05,0.00019827883373549644,0.11424583288339468,4.3953446909151177e-05,
2026-03-02,,,,0.11500973334679236,,
2026-03-03,0.028665345907211304,2.8347236366244033e-05,0.00014664660781048812,0.113012511913593,-4.670253474614583e-05,
2026-03-04,0.02746157646179199,2.4578420076674472e-05,0.00017395321571943807,0.113917299417349,8.821292654969371e-06,
2026-03-05,0.023816209573012132,2.937917088274844e-05,0.00012334428667541472,0.11249889227060171,3.317413618788123e-05,
2026-03-06,,3.0915522074792534e-05,0.00012633707374334335,0.11507746623112605,-0.00011154806707054376,
2026-03-07,0.024089039862155916,2.6458388139658116e-05,0.00011192231128613155,0.11534426028911884,2.5626261840048045e-05,
2026-03-08,0.029796082865108143,1.3600413997968038e-05,0.00011122176973995838,0.1127004550053523,3.7403626586584485e-05,
2026-03-09,0.030361048877239227,2.2115068087830795e-05,0.00020362010572926473,0.11322506391085112,6.66330989378576e-05,
2026-03-10,0.029732521091188704,2.693714729199807e-05,0.00021322474016674927,0.1140110602745643,-3.3179136074107625e-05,
2026-03-11,,8.570032410456666e-06,0.00011567722003047283,0.11301149221567007,-4.8533558415678834e-05,
2026-03-12,0.024465368965924796,2.4118761454398434e-05,0.0001258600651371208,0.11483767582820012,1.2488071330484342e-05,
2026-03-13,0.02659816072698225,1.8142589727755297e-05,0.00013230284997101487,0.11465077767005334,3.146188747551706e-06,1901.0006103515625
2026-03-14,0.027028368069575384,3.4481162826220196e-05,0.00018631333055404517,0.1154204221872183,5.7344063400075986e-05,1869.9152018229167
2026-03-15,0.03238862869786281,3.7084958565078285e-05,0.0001752398036901028,0.1162423353928786,2.3497842605514772e-05,
2026-03-16,0.03210413178732229,2.7671880689599823e-05,0.00017121154814958572,0.11566395392784705,8.804209243792753e-05,
2026-03-17,0.02789081901800437,2.1955248666927218e-05,0.00015307154269918562,0.11585539304293119,-6.0873667872141277e-05,
2026-03-18,0.0275357472045081,2.6821546241274624e-05,0.00010586966804805256,0.11445710842426006,1.6184216956534084e-05,
2026-03-19,0.024252478892986592,2.627456912173415e-05,0.00012701646690922125,0.11331096062293419,0.00048189858595530194,
2026-03-20,,,0.0002561049121949408,0.11567010145920974,2.161440934287384e-05,
2026-03-21,,,0.00026486195080603164,0.11409218861506536,-0.00014398733037523925,
2026-03-22,,,,0.11544147638174204,,
2026-03-23,0.02732535203297933,2.1336925672177148e-05,0.00010229249741753628,0.1166290650000939,-4.25673917763763e-05,
2026-03-24,0.027952105768265262,3.074024080936062e-05,0.00021143427325619592,0.11619507716252253,-3.13045352530212e-06,
2026-03-25,0.026458411746554906,2.907374291680753e-05,0.00020115507830833565,0.11709293952355018,1.2365548172965646e-05,
2026-03-26,0.029289731473633736,,0.0001820691136850251,0.11621963060819186,5.000857527193148e-06,
2026-03-27,,2.609618981792168e-05,0.0001495051269347851,0.11765246758094201,6.151260951390634e-05,
2026-03-28,0.0244755024711291,2.8351532010775474e-05,0.00022615856774475264,0.11694366014920748,-5.442419332330642e-05,
2026-03-29,0.030285608768463135,4.048955796117132e-05,0.0002098220511008117,0.11716307126558743,0.000305917650713759,
2026-03-30,0.028289695580800373,3.9722983880589403e-05,0.00027674265407227184,0.11682233810424805,0.00025015401367384655,
2026-03-31,,,0.00028033265843987467,0.11731287149282602,-0.00010054125662215732,
2026-04-01,0.02753134150254099,3.604026789074404e-05,0.0001714209381204385,0.11711295934823843,-1.8016621470451356e-05,
2026-04-02,0.028228626694790152,4.971501990579642e-05,0.00014925018573800722,0.11890446589543269,0.0001193744095939177,
2026-04-03,0.028022002428770065,3.062328539305815e-05,0.0001504095581670602,0.11684758846576397,5.680977289254467e-05,
2026-04-04,0.024978667497634888,2.2952607832849025e-05,0.00013245882499696954,0.1173759387089656,-1.2274190339667257e-06,
2026-04-05,0.02928116220109006,3.3727053690839695e-05,0.00022870151755901484,0.1171512090242826,6.7125647686995e-05,
2026-04-06,0.02566451917995106,3.395600913044734e-05,0.00016733148636726233,0.11822000650259165,4.905428235920576e-05,
2026-04-07,0.030349257588386535,2.148071126568885e-05,0.00020607048645615578,0.11740917792687049,0.00010588854137394163,
2026-04-08,0.026977347877790343,2.0135429804213344e-05,0.00014108989853411913,0.11698390520535983,3.8415712949175104e-05,
2026-04-09,0.029721034069856007,4.2166377534158526e-05,0.0002015666810400558,0.11826975895808294,-1.717928098514676e-05,
2026-04-10,0.029069084387559157,3.182642976753414e-05,0.0002441328457173179,0.11791901955237756,0.0003949051130224358,
2026-04-11,0.03282167911529541,4.560386878438294e-05,0.0002503159879283472,0.12025297605074368,0.0003179724032922489,
2026-04-12,,2.6216751263876047e-05,0.0001430181929698357,0.11717285743126503,0.00020179283232069932,
2026-04-13,0.027301438271053254,2.7489317849708292e-05,0.0001081408415403631,0.1174995862520658,4.9405792702196375e-06,
2026-04-14,0.025287000905899776,3.8551512836037495e-05,0.00014830080585347282,0.11552218657273512,4.9986377624528746e-05,
2026-04-15,0.028260386907137357,4.650462035308866e-05,0.00018391400457374633,0.1159386708186223,0.00029654046821017417,
2026-04-16,0.027318789408757135,3.797874953120183e-05,0.00017156718442073234,0.1164458494919997,0.0003211770747457781,
2026-04-17,0.026277507052702063,4.507441772148013e-05,0.00017332735543067638,0.11664174153254582,0.00021230472395053276,
2026-04-18,0.026748195061316857,3.644697978321848e-05,0.00016496227864100008,0.11749721673818735,0.00010847080498933792,
2026-04-19,0.028564277062049278,2.7478956091668337e-05,0.00014740417711436748,0.11863203782301683,-3.463303065918228e-05,
2026-04-20,0.03212238848209381,4.916403156060439e-05,0.00024023920011061889,0.11951431127694936,0.00014692861586809158,
2026-04-21,0.029809892177581787,2.9477466725640828e-05,0.0001967645449829953,0.11689395170945388,8.160381068317395e-05,
2026-04-22,,,,0.11600127586951622,,
2026-04-23,0.03159933643681662,1.5022508849046732e-05,0.00016039731944429464,0.11528439888587365,6.456744449678808e-05,
2026-04-24,0.028283627703785896,1.4970410180079644e-05,0.00011597745469771326,0.11766931827251728,-6.821795250289142e-05,
2026-04-25,0.029206586262536426,3.295856941905286e-05,0.00011898922301562769,0.11747250190147987,9.802325691383045e-06,
2026-04-26,0.02731862611937941,3.26347984738794e-05,0.00016012064860028736,0.11682387865506685,9.221922872321946e-05,1851.9798177083333
2026-04-27,0.02660628780722618,2.9283973465984065e-05,0.00015478821781774363,0.11590138215285081,2.1430225821123238e-05,
2026-04-28,,2.823179238475859e-05,0.00017680697924187108,0.11526762888981745,-2.4908849266929584e-05,
2026-04-29,,1.4932308528971458e-05,0.0001803346531232819,0.11785059708815354,-0.00017120877209191138,
2026-04-30,,,0.0001843374144906799,0.11581179545475886,-9.853470906176987e-05,
2026-05-01,0.026530646142505464,2.7107097031105132e-05,0.00012827658669111578,0.11602637951190654,0.00024604886163805806,
2026-05-02,0.02534987966893083,3.3996478305198255e-05,0.00010410838461081897,0.11620762164776142,9.33900377468059e-05,
2026-05-03,0.023745772513476284,,0.00016658029128466882,0.11663569670457107,-8.936147616409203e-05,
2026-05-04,,6.880397891758807e-05,0.00014743247422678717,0.11778620206392729,7.060354029567077e-05,
2026-05-05,0.02967438011458426,4.108594439458102e-05,,,,
2026-05-06,0.026770070675880678,4.673683299468114e-05,0.00016279757882540043,0.11896478946392353,0.0002671630336688115,1860.0361842105262
2026-05-07,0.02851109703381856,4.603128414601087e-05,0.00016892921372220433,0.11856201612032377,3.9436530122267346e-05,1890.7958984375
2026-05-08,0.02884436845779419,4.5867572323634075e-05,0.00020808202142898853,0.11732807159423828,0.00016533538985710877,
2026-05-09,0.030739134177565575,2.9095088393660262e-05,0.0001981456848708066,0.11759769733135517,0.0002578670497645031,
2026-05-10,0.030173592880123952,3.63018574012864e-05,0.00016566823340124554,0.1166569709777832,7.291445962902976e-05,
2026-05-11,0.027094438672065735,3.107230591956737e-05,0.00012866493131293626,0.11547905848576473,9.81630835061272e-05,
2026-05-12,0.03143667965604548,5.840524018072245e-05,0.00021703720379334228,0.11496391296386718,3.3691561279388574e-05,1866.7744140625
2026-05-13,0.031465049649848316,6.538960396459228e-05,0.00017412448809905486,0.11534380545982947,0.00018784586616136408,
2026-05-14,0.02280629873275757,,7.726419109689152e-05,0.11367581440852238,0.0003325683582160208,
2026-05-15,0.02906002821745696,3.991696673134963e-05,0.0001249224998247929,0.1170472291799692,7.066685849657425e-05,
2026-05-16,0.026289042006147668,3.782962791292983e-05,0.00018500544130802153,0.1162167475773738,4.719311255030334e-05,
2026-05-17,0.03054087791802748,2.575712709653157e-05,0.0001896588752667109,0.11563504292414739,0.0003836467706908782,
2026-05-18,0.025771328696498164,1.961737440002185e-05,0.00013514964912946406,0.11700945634108323,0.000173847930180648,
2026-05-19,0.02718779490544246,1.9672368580359034e-05,0.00012697657713523278,0.11644598153921273,4.9293080631356976e-05,
2026-05-20,0.027629144813703453,2.131768641002635e-05,0.0001182074969013532,0.11686482796302208,-1.8821743300609421e-06,
2026-05-21,0.028047809998194378,3.9123775786720215e-05,0.00014004714062644375,0.11632123360267052,8.167073687990055e-06,
2026-05-22,0.03212948924019223,6.968967500142753e-05,0.00019130416214466095,0.1164659940279447,0.00020910371094942092,
2026-05-23,0.03007687956599866,4.968734936335602e-05,0.0001661967486143112,0.11826761685884916,0.00041949237554760304,
2026-05-24,0.031455466087828295,2.8701315750367938e-05,0.00014274587424901815,0.11805226986224834,0.0004451911896467209,
2026-05-25,0.030970337390899657,3.8625710559162226e-05,0.00014009987353347242,0.11733422646155724,0.00019419848104007542,
2026-05-26,0.028624968603253365,3.060406677170911e-05,0.00014424759161765457,0.11685490241417518,4.72572559127742e-06,1858.97021484375
2026-05-27,0.030277997728378053,2.9022286513022015e-05,0.0001449671440890857,0.11716439173771785,9.541846811771393e-05,
2026-05-28,0.03151144087314606,2.858919365930238e-05,0.000169262676857985,0.119605775979849,2.5994735845034162e-05,
2026-05-29,0.03239460920883437,2.6626932639174343e-05,0.00019161608070135118,0.11976361641517053,0.00012866328828609907,
2026-05-30,0.025786665769723747,2.3570001268616088e-05,0.00012622278783533533,0.11724972358116736,0.0002435897068496336,
2026-05-31,0.030933682880704364,3.5405053164471276e-05,0.00015478602682168668,0.11700884012075571,4.5231439603062775e-05,1874.1979758522727
2026-06-01,0.03135154797480656,4.7167725560645904e-05,0.00019936117415244762,0.11695514092078575,1.3328739441931247e-06,
2026-06-02,0.03404767282547489,7.48617589593895e-05,0.00022568113815325957,0.11660300768338717,0.00024299163084763747,1919.121310763889
2026-06-03,0.029815971851348877,5.236635139832894e-05,0.00015449903353496834,0.11539393204909104,2.860981971025467e-05,
2026-06-04,0.028818756341934204,5.979273919365369e-05,0.00019751110902199378,0.1165101198049692,0.0001154916575894906,
2026-06-05,0.02560591330895057,4.5008518589803804e-05,0.00011179800603096768,0.1175792620732234,7.061103074732474e-05,
2026-06-06,0.026719216440544754,4.0945308282971384e-05,0.00011762002083872045,0.11736458998460036,-1.5100688588890163e-05,
2026-06-07,0.02723629436185283,4.4496052970106785e-05,0.0001747532246204523,0.11685557732215295,4.2817129108768246e-05,1845.99365234375
2026-06-08,0.03178597003855604,4.929079053302606e-05,0.00024233385920524597,0.11875604482797476,0.0002718375279353215,1887.5556640625
2026-06-09,0.031809288263320926,5.3160885152848146e-05,0.0002175770986538667,0.1191156974205604,0.0002827713746697672,1908.7144775390625
2026-06-10,0.03420385192422306,5.379461628549239e-05,0.00010306661222445763,0.11882159159733699,0.0002522870409684103,
2026-06-11,0.03260738666240986,5.6053712390936335e-05,0.0002382898130095922,0.11783993794367864,0.00014619953357256375,1918.9945023148148
2026-06-12,,,,0.11139408258291392,,
2026-06-13,0.028395165831355724,4.7932061451402575e-05,0.00014162187774976095,0.11231680649977464,0.00011513819444482609,
2026-06-14,0.030776331501622355,4.045007965312554e-05,0.00019599003000901296,0.11116239841167744,-3.184001677884505e-05,
2026-06-15,0.02734327700830275,4.6396458942797924e-05,0.00014828771639328737,0.11308261431180514,-3.178142226086213e-05,
2026-06-16,0.031167378792395957,4.763685166835785e-05,0.0001701678408951056,0.1152701524587778,7.093241285593784e-05,
2026-06-17,0.028440575130650254,5.318405558629071e-05,0.00010480698464172227,0.11572378598726712,3.5438732163089774e-05,
2026-06-18,0.0361513860764042,4.88162690470385e-05,0.00023640503103916462,0.1179075681246244,8.775321451031556e-05,1921.35693359375
2026-06-19,0.03291510954135802,6.862345617264509e-05,0.0002617816512401287,0.11781079952533428,0.0003984809208374757,1900.5630580357142
2026-06-20,0.03023111621538798,5.4139688256241026e-05,0.00014757135739693275,0.11906853455763597,0.0002955916307626232,
2026-06-21,0.028428572719380006,3.707484374272412e-05,9.797745022094912e-05,0.11954428599430965,0.0001411795918200467,
2026-06-22,0.028992469027891,3.283703937290274e-05,0.00012072393332015384,0.11785097855788011,2.3823629387400367e-05,1892.86474609375
2026-06-23,0.03001134072319936,,0.00013956209787955651,0.11741865598238431,9.7010264513441e-07,1869.2384314903845
2026-06-24,0.027039440851362926,3.950793862990711e-05,0.00010953114970641978,0.11518659591674804,4.4202893220174774e-05,1809.6486002604167
2026-06-25,0.027282184820908766,6.270322584263657e-05,0.00011959048320672341,0.11574654212364784,8.27961734363011e-05,
2026-06-26,0.028561753493088943,4.498170101610215e-05,0.00011623612392628402,0.11477039043719951,5.059056626311664e-05,
2026-06-27,0.028486343100667,4.34176375468572e-05,0.00013744871932686422,0.11291787807758037,4.357799272319036e-05,
2026-06-28,0.03253014637873723,4.428136901604751e-05,0.00023321204174023407,0.11424555411705604,0.0002467930890046633,1894.7455078125
2026-06-29,0.03066322088241577,6.29323677947888e-05,0.00022574408123126396,0.11483927506666917,0.00016419699845405725,1911.5747346698113
2026-06-30,0.030741197988390923,5.42455746863897e-05,0.00018899641357935393,0.11725529157198393,0.00026949380452816305,1906.7185837765958
2026-07-01,0.027162835453495834,4.181394066948157e-05,0.0001752035692334175,0.11743115645188551,9.703584588490999e-05,
2026-07-02,0.033421069888745325,4.9462194482867536e-05,0.00017910308849353057,0.1163716096144456,-1.8737836328979867e-06,
2026-07-03,0.03143195878891718,4.7464743256568906e-05,0.00015810477074052466,0.1171952981215257,0.0001483891833702038,1907.49560546875
2026-07-04,0.02957758403593494,3.836482314259878e-05,0.00013492723642769507,0.11731102283184346,0.00020664382987377938,1898.4354248046875
2026-07-05,0.026974067353365713,3.220388830146369e-05,0.00015614235193514434,0.11659873815683218,0.00010066329058809358,
2026-07-06,0.02903006672859192,5.4690884152317745e-05,,,,
2026-07-07,0.02837240885174464,3.7740810181606897e-05,0.0001369306984811257,0.11590182231022761,-5.460636785779244e-06,
2026-07-08,0.032375241889328256,6.018510612193495e-05,0.00026498247558871905,0.11824508813711312,6.981145900984606e-05,1892.9047154017858
2026-07-09,0.031533662309037876,7.270931337888424e-05,0.0002655502981864489,0.11917646114642803,9.50044092650597e-05,1909.7203584558824
2026-07-10,0.03119084893203363,6.532830257828419e-05,0.0002311108777156243,0.11929702025193434,9.43418090733198e-05,1911.253162202381
2026-07-11,0.03582762430111567,5.16053932231097e-05,0.0002763995470908972,0.11910339502187875,0.00019627104584987346,
2026-07-12,0.03278227983894995,4.5828456775500225e-05,0.00011441817220586997,0.11638036141028771,0.00020807057332534058,
2026-07-13,0.030300477834848256,4.833416852097098e-05,0.0001718415455384688,0.11861147513756386,2.2982450371438807e-05,1891.4888916015625
2026-07-14,0.029228721346173967,4.956233946574947e-05,0.00015148696219248155,0.11736375368558444,-9.925709655661074e-06,
2026-07-15,0.02738312752016129,4.2057902022611864e-05,0.00012622792731787336,0.11749539008507362,2.396629976206704e-05,
2026-07-16,0.02834610205430251,5.2400499892731504e-05,0.00017683137781344927,0.115971616598276,4.759450228168414e-05,
2026-07-17,0.028713847651626125,6.053391693820876e-05,0.00024168846698907707,0.11544284820556641,5.979334505704733e-05,
2026-07-18,0.032619406437051704,5.842500620267608e-05,0.00015307325296677076,0.11570340670072116,2.798984686915691e-05,
2026-07-19,0.03458086779860199,4.311526038994392e-05,0.00017077818823357422,0.11782933748685397,0.0001331851896593126,
2026-07-20,0.034105116321194555,5.114846487319277e-05,0.00019666820477980834,0.11525345582228441,7.314359625944724e-05,1889.6807725694443
2026-07-21,0.03275198058078164,4.8089412302942947e-05,0.00017307213006111292,0.11341540263249324,-7.5933685366180725e-06,
2026-07-22,0.03391143083572388,4.663496899108092e-05,0.00022769150539086414,0.11444563498863806,0.00012274203965297113,
2026-07-23,0.033118925397358244,3.311900844321001e-05,0.0001544855792630226,0.11513206041776217,8.837430505082011e-06,
2026-07-24,0.03408865575437193,4.154041212481948e-05,0.00023374198512597516,0.1172300045306866,9.987754571550297e-05,1901.8268229166667
2026-07-25,0.029268099550615278,5.870554237984694e-05,0.00017374218083344973,0.1197108635535607,6.284971649830157e-05,1900.3697033898304
2026-07-26,0.030525170523544837,4.19302045234612e-05,0.00019764997638188877,0.12164815755990835,-8.823920137411545e-06,
2026-07-27,0.030526097863912582,4.002250387288985e-05,0.00017564955812234145,0.11896631534282978,-6.035375050627268e-06,
2026-07-28,0.03384998068213463,3.771371120819822e-05,0.00019918519841588062,0.11936982228205754,-3.6952604170677796e-05,
2026-07-29,0.033106393080491285,4.49379233436452e-05,0.00013354833488567517,0.12017130484947791,-3.192197604506624e-05,1884.7242838541667
2026-07-30,0.03666989967740815,4.0323461040056176e-05,0.00015712212374869813,0.12008912746722882,4.718713348776829e-05,
2026-07-31,0.03412620350718498,4.198532406007871e-05,0.00015507226011582783,0.1200573994563176,3.774081984453875e-05,
2026-08-01,0.03516913560720591,3.7576643871548384e-05,0.00014731513276215521,0.12022136541513297,6.417191276947657e-05,
2026-08-02,0.02856788811860261,1.565406155596311e-05,0.00013378925908070344,0.11947394884549654,0.00010751892024507889,
2026-08-03,0.029213692591740534,2.4984474293887615e-05,8.419309354697664e-05,0.11986089853140024,5.4701130879534915e-05,
2026-08-04,0.0319188421422785,6.0465150454547256e-05,0.00011911664956382343,0.11787564937884991,-3.013193141669035e-05,
2026-08-05,0.03037423537327693,4.319556097945441e-05,0.00013603225039939085,0.1184200066786546,0.00021170411195795414,
2026-08-06,0.027423173189163208,4.6456439210282215e-05,0.00018607164518191264,0.12073847697331355,0.0001601873497877802,
2026-08-07,0.030083417892456055,5.1586931847311835e-05,0.00016068846273880737,0.1214438585134653,-4.1439846301308046e-05,
2026-08-08,0.03105161373431866,5.147200735176311e-05,0.00015406544105364727,0.12124635256253756,0.00014369407525429358,
2026-08-09,0.035015859301128084,4.4869520486547396e-05,0.0002560012615644015,0.12271523842444787,0.0002912803624684994,
2026-08-10,0.0318067689095774,2.983634388356498e-05,0.00016769419970183536,0.12242194689237154,0.0002571464232776476,
2026-08-11,0.03327507972717285,5.2155412990471416e-05,0.00021645330752317722,0.12204991854154147,0.00023243746767609807,
2026-08-12,0.028180416992732455,5.423365786793779e-05,0.00019453073350282816,0.12118404094989484,6.267418368504598e-05,1916.95849609375
2026-08-13,0.034087514877319335,6.045770043363938e-05,0.00018496660945507197,0.11722009365375226,9.076042244067559e-05,
2026-08-14,0.03745494622450608,4.552711455270331e-05,0.00019605377747211605,0.11872722185575045,5.451848565210258e-05,1892.10546875
2026-08-15,0.03596823811531067,4.5619855102683816e-05,0.00015136145952123183,0.11851730346679687,5.193565678047506e-05,
2026-08-16,0.03244300615989556,3.2551092866422804e-05,0.00021012508525298192,0.11845063429612379,1.3865283332191981e-05,1891.823828125
2026-08-17,0.034520277610191934,2.797860696983452e-05,0.00018332119171436017,0.12161425810593825,5.320691707311198e-05,1898.1337890625
2026-08-18,0.027279201306794818,3.3108646596741416e-05,0.00013036193469396004,0.12019117061908428,0.00018559032469056547,
2026-08-19,0.02935165258554312,3.5095794333351985e-05,7.266843691468239e-05,0.12030631578885592,2.1273351740092037e-06,1890.6478271484375
2026-08-20,0.027573516152121804,4.447943923112593e-05,0.00010163520928472281,0.12045506697434645,0.00023398505009967704,1887.5431640625
2026-08-21,0.0278276278422429,4.402087286634501e-05,0.0001090336232804335,0.12230275961068961,8.99828324515012e-05,1896.7054443359375
2026-08-22,0.030738072317154683,4.4940574163639986e-05,0.00019465188776689863,0.12114531443669246,-2.12389506308026e-05,
2026-08-23,0.03398870199154585,4.8659050550598365e-05,0.0002499353140592575,0.12059727448683519,-0.00011035523448999111,
2026-08-24,0.030894004381619967,4.9538467259657e-05,0.000130733188528281,0.12029085892897386,5.809365628430477e-05,1859.697265625
2026-08-25,0.03232898563146591,3.9278743936428945e-05,0.0002129472362307402,0.11963277229895959,6.09488387663777e-06,1887.234765625
